Metric,Train,Test
R2,0.7113433109757614,0.8510647096441446
MAE,4.759659929080862,4.520486072012417
RMSE,8.86670106757484,5.564537251311263
